Month_Year,CO2_Emission_g,Distance_NM,Avg_Speed,Avg_Wind_Speed,Avg_CppPitch,Avg_Heel,Avg_Trim,Avg_Draft
2024-03,1999032237.72,6666.655,16.82861289915436,10.72053094366612,21.37124405738567,0.21906979679414362,0.7854158778240565,6.564273844082629
2024-04,2520487780.344,8526.071666666667,17.561424648129076,8.153110195674563,21.56257809818057,0.26201201510470307,0.6594157226227256,6.494703741846894
2024-05,2362590834.66,8309.736666666666,16.98348605102701,8.475460707837994,21.479388220867257,0.2768641209932895,0.8232850768130259,6.583868583302109
2024-06,432277065.972,1492.4633333333334,17.310612797216315,8.225517108061085,21.39441329982602,0.2771525227140924,0.9311250724917842,6.51604968103615
